<?xml version="1.0" encoding="UTF-8"?>
<project-private xmlns="http://www.netbeans.org/ns/project-private/1">
    <editor-bookmarks xmlns="http://www.netbeans.org/ns/editor-bookmarks/2" lastBookmarkId="0"/>
    <open-files xmlns="http://www.netbeans.org/ns/projectui-open-files/2">
        <group>
            <file>file:/D:/CMPSC311_2019/Linked%20Lists/Classwork/Week1/ExamplesDay1/Example2/src/example2/Example2.java</file>
            <file>file:/D:/CMPSC311_2019/Linked%20Lists/Classwork/Week1/ExamplesDay1/Example2/src/example2/Node.java</file>
        </group>
    </open-files>
</project-private>
