<?xml version="1.0" encoding="UTF-8"?>
<project-private xmlns="http://www.netbeans.org/ns/project-private/1">
    <editor-bookmarks xmlns="http://www.netbeans.org/ns/editor-bookmarks/2" lastBookmarkId="0"/>
    <open-files xmlns="http://www.netbeans.org/ns/projectui-open-files/2">
        <group>
            <file>file:/C:/Users/jim1/Downloads/ForStudents/ForStudents/AvlWithString/src/avlwithstring/AvlTree.java</file>
            <file>file:/C:/Users/jim1/Downloads/ForStudents/ForStudents/AvlWithString/src/avlwithstring/AvlNode.java</file>
            <file>file:/C:/Users/jim1/Downloads/ForStudents/ForStudents/AvlWithString/src/avlwithstring/AvlWithString.java</file>
        </group>
    </open-files>
</project-private>
